CRM_AccountId,CRM_AccountNumber,CRM_AccountName,SAP_KUNNR,SAP_NAME1,SAP_LAND1,MatchType,MatchConfidence,CreatedDate,DataSource
100010000,ACC-010000,"Rodriguez, Figueroa and Sanchez",100000,Figueroa and Sons,US,Direct_Master_Match,100,2025-10-25 17:36:40,Synthetic_Generated
100010001,ACC-010001,Davis Inc,100001,Wolfe LLC,US,Direct_Master_Match,100,2025-10-25 17:36:40,Synthetic_Generated
100010003,ACC-010003,Davis-Williams,100002,Ramirez-Reid,US,Direct_Master_Match,100,2025-10-25 17:36:40,Synthetic_Generated
100010006,ACC-010006,Davis Group,100003,François,DE,Direct_Master_Match,100,2025-10-25 17:36:40,Synthetic_Generated
100010007,ACC-010007,Martin Inc,100004,Faivre SA,GB,Direct_Master_Match,100,2025-10-25 17:36:40,Synthetic_Generated
100010009,ACC-010009,"Rice, Contreras and Spencer",100005,De Sousa Bernard et Fils,US,Direct_Master_Match,100,2025-10-25 17:36:40,Synthetic_Generated
100010010,ACC-010010,"Johnson, Wood and Tran",100006,Hendriks KG,US,Direct_Master_Match,100,2025-10-25 17:36:40,Synthetic_Generated
100010016,ACC-010016,Vargas-Alvarado,100007,Hoarau S.A.,US,Direct_Master_Match,100,2025-10-25 17:36:40,Synthetic_Generated
100010017,ACC-010017,Martinez Ltd,100008,Eigenwillig,US,Direct_Master_Match,100,2025-10-25 17:36:40,Synthetic_Generated
100010019,ACC-010019,Freeman LLC,100009,Meister,US,Direct_Master_Match,100,2025-10-25 17:36:40,Synthetic_Generated
100010020,ACC-010020,Hall-Griffith,100010,Perrier SARL,DE,Direct_Master_Match,100,2025-10-25 17:36:40,Synthetic_Generated
100010021,ACC-010021,Everett-Woods,100011,"Woods, Calhoun and Schmidt",GB,Direct_Master_Match,100,2025-10-25 17:36:40,Synthetic_Generated
100010023,ACC-010023,"Holloway, Morse and Gonzales",100012,Sandoval-Cunningham,US,Direct_Master_Match,100,2025-10-25 17:36:40,Synthetic_Generated
100010026,ACC-010026,Morgan-French,100013,Williams PLC,US,Direct_Master_Match,100,2025-10-25 17:36:40,Synthetic_Generated
100010027,ACC-010027,Sawyer Group,100014,Harper and Sons,US,Direct_Master_Match,100,2025-10-25 17:36:40,Synthetic_Generated
100010032,ACC-010032,Vaughn and Sons,100015,Dobes,DE,Direct_Master_Match,100,2025-10-25 17:36:40,Synthetic_Generated
100010033,ACC-010033,Rodriguez Inc,100016,Walker-Velasquez,US,Direct_Master_Match,100,2025-10-25 17:36:40,Synthetic_Generated
100010036,ACC-010036,"Villegas, Cardenas and Austin",100017,Leroy,DE,Direct_Master_Match,100,2025-10-25 17:36:40,Synthetic_Generated
100010037,ACC-010037,"Carlson, Ware and Moore",100018,"Frost, Ryan and Ball",US,Direct_Master_Match,100,2025-10-25 17:36:40,Synthetic_Generated
100010038,ACC-010038,Smith Ltd,100019,Chauvet Colas SARL,US,Direct_Master_Match,100,2025-10-25 17:36:40,Synthetic_Generated
100010040,ACC-010040,Bell Inc,100020,Caspar,US,Direct_Master_Match,100,2025-10-25 17:36:40,Synthetic_Generated
100010041,ACC-010041,"Lucas, Williams and Zimmerman",100021,Stroh,US,Direct_Master_Match,100,2025-10-25 17:36:40,Synthetic_Generated
100010043,ACC-010043,Griffith Inc,100022,Barthelemy Martineau S.A.S.,US,Direct_Master_Match,100,2025-10-25 17:36:40,Synthetic_Generated
100010044,ACC-010044,"Hernandez, Kim and Potts",100023,Newton-Henderson,FR,Direct_Master_Match,100,2025-10-25 17:36:40,Synthetic_Generated
100010045,ACC-010045,"Henderson, Parsons and Young",100024,"James, Smith and Bell",US,Direct_Master_Match,100,2025-10-25 17:36:40,Synthetic_Generated
100010046,ACC-010046,Burgess-Kelly,100025,Bigot Rodriguez S.A.S.,DE,Direct_Master_Match,100,2025-10-25 17:36:40,Synthetic_Generated
100010049,ACC-010049,Fitzgerald Group,100026,Smith-Reeves,US,Direct_Master_Match,100,2025-10-25 17:36:40,Synthetic_Generated
100010051,ACC-010051,Meza-Stone,100027,Thies Hertrampf e.G.,DE,Direct_Master_Match,100,2025-10-25 17:36:40,Synthetic_Generated
100010053,ACC-010053,Peck-Griffith,100028,Lowe LLC,US,Direct_Master_Match,100,2025-10-25 17:36:40,Synthetic_Generated
100010054,ACC-010054,Diaz-Morales,100029,Foucher,DE,Direct_Master_Match,100,2025-10-25 17:36:40,Synthetic_Generated
100010055,ACC-010055,Hernandez-Barry,100030,Cook-Shaw,US,Direct_Master_Match,100,2025-10-25 17:36:40,Synthetic_Generated
100010057,ACC-010057,"Washington, Bernard and Ramirez",100031,Spieß Salz GmbH,US,Direct_Master_Match,100,2025-10-25 17:36:40,Synthetic_Generated
100010059,ACC-010059,Zuniga LLC,100032,Dussen van Weimer KG,US,Direct_Master_Match,100,2025-10-25 17:36:40,Synthetic_Generated
100010061,ACC-010061,"Wilson, Hendricks and Phillips",100033,"Curtis, Dawson and Mitchell",US,Direct_Master_Match,100,2025-10-25 17:36:40,Synthetic_Generated
100010062,ACC-010062,"Aguilar, Davis and Dixon",100034,"Soto, Brown and Hernandez",US,Direct_Master_Match,100,2025-10-25 17:36:40,Synthetic_Generated
100010063,ACC-010063,Haney-Reyes,100035,Hahn,US,Direct_Master_Match,100,2025-10-25 17:36:40,Synthetic_Generated
100010064,ACC-010064,Garcia Inc,100036,"Hall, Baker and Moody",US,Direct_Master_Match,100,2025-10-25 17:36:40,Synthetic_Generated
100010065,ACC-010065,"Flores, Butler and Hernandez",100037,Faure,US,Direct_Master_Match,100,2025-10-25 17:36:40,Synthetic_Generated
100010068,ACC-010068,"Hernandez, Robinson and Bryant",100038,Turner Group,DE,Direct_Master_Match,100,2025-10-25 17:36:40,Synthetic_Generated
100010071,ACC-010071,Lopez-Willis,100039,Miller-King,US,Direct_Master_Match,100,2025-10-25 17:36:40,Synthetic_Generated
100010073,ACC-010073,Torres Group,100040,Rivière,GB,Direct_Master_Match,100,2025-10-25 17:36:40,Synthetic_Generated
100010077,ACC-010077,"Thompson, Nunez and Mcbride",100041,Rohleder Fiebig GmbH,US,Direct_Master_Match,100,2025-10-25 17:36:40,Synthetic_Generated
100010078,ACC-010078,Glenn Inc,100042,Lebrun,GB,Direct_Master_Match,100,2025-10-25 17:36:40,Synthetic_Generated
100010079,ACC-010079,"Carson, Williams and Ball",100043,Cameron Group,US,Direct_Master_Match,100,2025-10-25 17:36:40,Synthetic_Generated
100010081,ACC-010081,"Davis, Stanton and Reid",100044,Toussaint,US,Direct_Master_Match,100,2025-10-25 17:36:40,Synthetic_Generated
100010084,ACC-010084,"Griffith, Mitchell and Pugh",100045,Thomas Inc,US,Direct_Master_Match,100,2025-10-25 17:36:40,Synthetic_Generated
100010086,ACC-010086,Hale-Blair,100046,Labbé,US,Direct_Master_Match,100,2025-10-25 17:36:40,Synthetic_Generated
100010087,ACC-010087,Warren-Baker,100047,"Harris, Stewart and Slater",US,Direct_Master_Match,100,2025-10-25 17:36:40,Synthetic_Generated
100010089,ACC-010089,"Mccullough, Hodges and Sanchez",100048,Hübel GmbH,US,Direct_Master_Match,100,2025-10-25 17:36:40,Synthetic_Generated
100010090,ACC-010090,Graham and Sons,100049,Webster and Sons,US,Direct_Master_Match,100,2025-10-25 17:36:40,Synthetic_Generated
100010092,ACC-010092,"Willis, Lowery and Jones",100050,Bolnbach,GB,Direct_Master_Match,100,2025-10-25 17:36:40,Synthetic_Generated
100010093,ACC-010093,Ramirez and Sons,100051,Lemaître,US,Direct_Master_Match,100,2025-10-25 17:36:40,Synthetic_Generated
100010094,ACC-010094,Johnston Group,100052,Matthews and Sons,DE,Direct_Master_Match,100,2025-10-25 17:36:40,Synthetic_Generated
100010095,ACC-010095,Johnson PLC,100053,Hande,DE,Direct_Master_Match,100,2025-10-25 17:36:40,Synthetic_Generated
100010096,ACC-010096,White LLC,100054,Linke,DE,Direct_Master_Match,100,2025-10-25 17:36:40,Synthetic_Generated
100010098,ACC-010098,Ortiz PLC,100055,Joseph-Wallace,GB,Direct_Master_Match,100,2025-10-25 17:36:40,Synthetic_Generated
100010100,ACC-010100,"Lester, Mcbride and Byrd",100056,Boutin SA,US,Direct_Master_Match,100,2025-10-25 17:36:40,Synthetic_Generated
100010101,ACC-010101,"Aguilar, Hanna and Garcia",100057,Reynolds Ltd,US,Direct_Master_Match,100,2025-10-25 17:36:40,Synthetic_Generated
100010102,ACC-010102,Morgan LLC,100058,Nicolas Marty S.A.S.,DE,Direct_Master_Match,100,2025-10-25 17:36:40,Synthetic_Generated
100010103,ACC-010103,Williams-Ward,100059,Reese and Sons,US,Direct_Master_Match,100,2025-10-25 17:36:40,Synthetic_Generated
100010104,ACC-010104,"Perez, Clark and Pearson",100060,Ramos-Coleman,US,Direct_Master_Match,100,2025-10-25 17:36:40,Synthetic_Generated
100010105,ACC-010105,"Holland, Lynch and Evans",100061,Quinn PLC,GB,Direct_Master_Match,100,2025-10-25 17:36:40,Synthetic_Generated
100010106,ACC-010106,Cooper Ltd,100062,Dumont Gillet S.A.S.,GB,Direct_Master_Match,100,2025-10-25 17:36:40,Synthetic_Generated
100010107,ACC-010107,"Blackburn, Jones and Preston",100063,Blanc,US,Direct_Master_Match,100,2025-10-25 17:36:40,Synthetic_Generated
100010109,ACC-010109,Luna-Carlson,100064,Fiebig GbR,GB,Direct_Master_Match,100,2025-10-25 17:36:40,Synthetic_Generated
100010110,ACC-010110,Martinez-King,100065,Lefort,US,Direct_Master_Match,100,2025-10-25 17:36:40,Synthetic_Generated
100010111,ACC-010111,"Fitzpatrick, Rivera and Smith",100066,Stout-Armstrong,GB,Direct_Master_Match,100,2025-10-25 17:36:40,Synthetic_Generated
100010112,ACC-010112,Johns-Davis,100067,Becker,US,Direct_Master_Match,100,2025-10-25 17:36:40,Synthetic_Generated
100010114,ACC-010114,"Schneider, Powell and Young",100068,"Patel, James and Bradley",DE,Direct_Master_Match,100,2025-10-25 17:36:40,Synthetic_Generated
100010116,ACC-010116,"Fitzgerald, Tran and Reynolds",100069,Hübel e.V.,DE,Direct_Master_Match,100,2025-10-25 17:36:40,Synthetic_Generated
100010117,ACC-010117,"Daniels, Walsh and Page",100070,Labbé,US,Direct_Master_Match,100,2025-10-25 17:36:40,Synthetic_Generated
100010118,ACC-010118,Newton PLC,100071,Bourgeois Texier S.A.,US,Direct_Master_Match,100,2025-10-25 17:36:40,Synthetic_Generated
100010120,ACC-010120,Ward-Robinson,100072,Cooper Inc,US,Direct_Master_Match,100,2025-10-25 17:36:40,Synthetic_Generated
100010123,ACC-010123,White PLC,100073,Diallo SARL,GB,Direct_Master_Match,100,2025-10-25 17:36:40,Synthetic_Generated
100010129,ACC-010129,"Heath, Gordon and Barnes",100074,Chartier Laroche SA,US,Direct_Master_Match,100,2025-10-25 17:36:40,Synthetic_Generated
100010130,ACC-010130,Coleman LLC,100075,Dufour Andre et Fils,US,Direct_Master_Match,100,2025-10-25 17:36:40,Synthetic_Generated
100010131,ACC-010131,White-Hansen,100076,Harvey-Chan,GB,Direct_Master_Match,100,2025-10-25 17:36:40,Synthetic_Generated
100010132,ACC-010132,Mendez-Meyer,100077,Morrison-Short,US,Direct_Master_Match,100,2025-10-25 17:36:40,Synthetic_Generated
100010133,ACC-010133,"Bailey, Richmond and Hill",100078,Lambert Group,US,Direct_Master_Match,100,2025-10-25 17:36:40,Synthetic_Generated
100010135,ACC-010135,"Smith, Vincent and Rubio",100079,Miller-Allen,US,Direct_Master_Match,100,2025-10-25 17:36:40,Synthetic_Generated
100010136,ACC-010136,Ward-Hensley,100080,Thompson-Reeves,GB,Direct_Master_Match,100,2025-10-25 17:36:40,Synthetic_Generated
100010137,ACC-010137,Shaffer-Thompson,100081,Zobel GmbH & Co. KGaA,US,Direct_Master_Match,100,2025-10-25 17:36:40,Synthetic_Generated
100010138,ACC-010138,Ray Ltd,100082,Segebahn Briemer GmbH & Co. KG,US,Direct_Master_Match,100,2025-10-25 17:36:40,Synthetic_Generated
100010143,ACC-010143,"Wright, Wise and Ramos",100083,Gehringer Fritsch GmbH,GB,Direct_Master_Match,100,2025-10-25 17:36:40,Synthetic_Generated
100010146,ACC-010146,White Inc,100084,Miller Ltd,GB,Direct_Master_Match,100,2025-10-25 17:36:40,Synthetic_Generated
100010147,ACC-010147,Miller-Lewis,100085,Martins,US,Direct_Master_Match,100,2025-10-25 17:36:40,Synthetic_Generated
100010150,ACC-010150,Adkins PLC,100086,Miller Group,US,Direct_Master_Match,100,2025-10-25 17:36:40,Synthetic_Generated
100010153,ACC-010153,Scott Inc,100087,Renault,FR,Direct_Master_Match,100,2025-10-25 17:36:40,Synthetic_Generated
100010154,ACC-010154,Burns-Garner,100088,Cooper Group,GB,Direct_Master_Match,100,2025-10-25 17:36:40,Synthetic_Generated
100010155,ACC-010155,"Murphy, Daniels and Clark",100089,Reynolds-Bray,DE,Direct_Master_Match,100,2025-10-25 17:36:40,Synthetic_Generated
100010156,ACC-010156,Maxwell Inc,100090,Pages,GB,Direct_Master_Match,100,2025-10-25 17:36:40,Synthetic_Generated
100010157,ACC-010157,Jones Group,100091,"Vaughan, Rodriguez and Smith",GB,Direct_Master_Match,100,2025-10-25 17:36:40,Synthetic_Generated
100010158,ACC-010158,Jackson-Phillips,100092,"Nixon, Clements and Atkinson",DE,Direct_Master_Match,100,2025-10-25 17:36:40,Synthetic_Generated
100010159,ACC-010159,"Moody, Hunt and Herring",100093,"Rhodes, James and Baird",DE,Direct_Master_Match,100,2025-10-25 17:36:40,Synthetic_Generated
100010162,ACC-010162,"Crawford, Daniel and Jimenez",100094,Heintze,US,Direct_Master_Match,100,2025-10-25 17:36:40,Synthetic_Generated
100010163,ACC-010163,Lee LLC,100095,Söding Mülichen GmbH & Co. KGaA,US,Direct_Master_Match,100,2025-10-25 17:36:40,Synthetic_Generated
100010164,ACC-010164,"Wilson, Patton and Parker",100096,Evans PLC,US,Direct_Master_Match,100,2025-10-25 17:36:40,Synthetic_Generated
100010165,ACC-010165,Hardy Group,100097,Wagner,US,Direct_Master_Match,100,2025-10-25 17:36:40,Synthetic_Generated
100010166,ACC-010166,"Garcia, Daniels and Dunn",100098,Boulanger,US,Direct_Master_Match,100,2025-10-25 17:36:40,Synthetic_Generated
100010167,ACC-010167,Beltran Group,100099,Fliegner Metz Stiftung & Co. KGaA,US,Direct_Master_Match,100,2025-10-25 17:36:40,Synthetic_Generated
100010169,ACC-010169,Blanchard-Jones,100100,Bazin S.A.,US,Direct_Master_Match,100,2025-10-25 17:36:40,Synthetic_Generated
100010171,ACC-010171,Moore-Bright,100101,Scott-Smith,DE,Direct_Master_Match,100,2025-10-25 17:36:40,Synthetic_Generated
100010172,ACC-010172,"Shaw, Jenkins and Payne",100102,Keudel,US,Direct_Master_Match,100,2025-10-25 17:36:40,Synthetic_Generated
100010175,ACC-010175,James Ltd,100103,Meyer,US,Direct_Master_Match,100,2025-10-25 17:36:40,Synthetic_Generated
100010177,ACC-010177,Hammond-Schwartz,100104,Ruppert,US,Direct_Master_Match,100,2025-10-25 17:36:40,Synthetic_Generated
100010180,ACC-010180,Johnson Inc,100105,Gérard,DE,Direct_Master_Match,100,2025-10-25 17:36:40,Synthetic_Generated
100010182,ACC-010182,"Pearson, Eaton and Butler",100106,"Hardy, Lee and Adams",US,Direct_Master_Match,100,2025-10-25 17:36:40,Synthetic_Generated
100010188,ACC-010188,"Hodges, Flores and Hurst",100107,Courtois Lebrun SARL,DE,Direct_Master_Match,100,2025-10-25 17:36:40,Synthetic_Generated
100010189,ACC-010189,Butler-Fleming,100108,Thibault S.A.,FR,Direct_Master_Match,100,2025-10-25 17:36:40,Synthetic_Generated
100010191,ACC-010191,"Turner, Knapp and Sullivan",100109,Kitzmann,DE,Direct_Master_Match,100,2025-10-25 17:36:40,Synthetic_Generated
100010192,ACC-010192,"Fox, Harrington and Wang",100110,Lopez,US,Direct_Master_Match,100,2025-10-25 17:36:40,Synthetic_Generated
100010193,ACC-010193,"Mosley, Taylor and Matthews",100111,Scholl GmbH & Co. OHG,US,Direct_Master_Match,100,2025-10-25 17:36:40,Synthetic_Generated
100010197,ACC-010197,Williams-Rodriguez,100112,Ortmann GmbH & Co. KG,GB,Direct_Master_Match,100,2025-10-25 17:36:40,Synthetic_Generated
100010199,ACC-010199,Murphy Inc,100113,Hendriks,US,Direct_Master_Match,100,2025-10-25 17:36:40,Synthetic_Generated
100010200,ACC-010200,Massey Ltd,100114,Röhrdanz Kohl GmbH & Co. KG,US,Direct_Master_Match,100,2025-10-25 17:36:40,Synthetic_Generated
100010204,ACC-010204,"Lewis, Baker and Evans",100115,Warner-Hopkins,DE,Direct_Master_Match,100,2025-10-25 17:36:40,Synthetic_Generated
100010205,ACC-010205,Giles-Patel,100116,Joly Royer SARL,US,Direct_Master_Match,100,2025-10-25 17:36:40,Synthetic_Generated
100010206,ACC-010206,Moore and Sons,100117,Legendre,GB,Direct_Master_Match,100,2025-10-25 17:36:40,Synthetic_Generated
100010209,ACC-010209,Mclaughlin-House,100118,Newman-Parkinson,US,Direct_Master_Match,100,2025-10-25 17:36:40,Synthetic_Generated
100010210,ACC-010210,"Jennings, Sparks and Flores",100119,Sorgatz Fliegner Stiftung & Co. KG,US,Direct_Master_Match,100,2025-10-25 17:36:40,Synthetic_Generated
100010211,ACC-010211,Valentine Inc,100120,Mack Ltd,US,Direct_Master_Match,100,2025-10-25 17:36:40,Synthetic_Generated
100010213,ACC-010213,Anderson-Stewart,100121,Perry-Nixon,US,Direct_Master_Match,100,2025-10-25 17:36:40,Synthetic_Generated
100010214,ACC-010214,Williams-Kelly,100122,Mercier,FR,Direct_Master_Match,100,2025-10-25 17:36:40,Synthetic_Generated
100010215,ACC-010215,Garza-Bean,100123,"Mendez, Gonzalez and Vargas",US,Direct_Master_Match,100,2025-10-25 17:36:40,Synthetic_Generated
100010216,ACC-010216,Phelps and Sons,100124,Godard,US,Direct_Master_Match,100,2025-10-25 17:36:40,Synthetic_Generated
100010220,ACC-010220,Ruiz-Heath,100125,Brooks and Sons,US,Direct_Master_Match,100,2025-10-25 17:36:40,Synthetic_Generated
100010224,ACC-010224,Watson-Fischer,100126,Bibi-Taylor,GB,Direct_Master_Match,100,2025-10-25 17:36:40,Synthetic_Generated
100010226,ACC-010226,Allen-Schroeder,100127,Carter LLC,DE,Direct_Master_Match,100,2025-10-25 17:36:40,Synthetic_Generated
100010227,ACC-010227,Gibson-Thomas,100128,Diallo S.A.,DE,Direct_Master_Match,100,2025-10-25 17:36:40,Synthetic_Generated
100010232,ACC-010232,Washington Group,100129,"Phillips, Taylor and Robinson",US,Direct_Master_Match,100,2025-10-25 17:36:40,Synthetic_Generated
100010234,ACC-010234,Sloan and Sons,100130,Sauvage,FR,Direct_Master_Match,100,2025-10-25 17:36:40,Synthetic_Generated
100010235,ACC-010235,"Smith, Campbell and Morse",100131,Andre,DE,Direct_Master_Match,100,2025-10-25 17:36:40,Synthetic_Generated
100010241,ACC-010241,"Hall, Hanson and Allen",100132,Garcia Group,GB,Direct_Master_Match,100,2025-10-25 17:36:40,Synthetic_Generated
100010242,ACC-010242,Decker and Sons,100133,Sölzer Conradi Stiftung & Co. KG,DE,Direct_Master_Match,100,2025-10-25 17:36:40,Synthetic_Generated
100010243,ACC-010243,Wright-Soto,100134,Reyes Ltd,US,Direct_Master_Match,100,2025-10-25 17:36:40,Synthetic_Generated
100010244,ACC-010244,Oneal-Duncan,100135,Killer Ullmann AG & Co. OHG,GB,Direct_Master_Match,100,2025-10-25 17:36:40,Synthetic_Generated
100010245,ACC-010245,Wilson LLC,100136,Tran PLC,GB,Direct_Master_Match,100,2025-10-25 17:36:40,Synthetic_Generated
100010249,ACC-010249,"Murphy, Carroll and Henry",100137,Poulain,FR,Direct_Master_Match,100,2025-10-25 17:36:40,Synthetic_Generated
100010250,ACC-010250,Hayes-King,100138,Carsten Jessel AG,DE,Direct_Master_Match,100,2025-10-25 17:36:40,Synthetic_Generated
100010252,ACC-010252,Rogers and Sons,100139,Aumann Stiftung & Co. KG,US,Direct_Master_Match,100,2025-10-25 17:36:40,Synthetic_Generated
100010253,ACC-010253,Williams-Mcclure,100140,"Simpson, Johnson and Hughes",DE,Direct_Master_Match,100,2025-10-25 17:36:40,Synthetic_Generated
100010257,ACC-010257,Sullivan-Perry,100141,"Pratt, Klein and Rios",US,Direct_Master_Match,100,2025-10-25 17:36:40,Synthetic_Generated
100010259,ACC-010259,Jones Ltd,100142,Tessier S.A.,US,Direct_Master_Match,100,2025-10-25 17:36:40,Synthetic_Generated
100010261,ACC-010261,"Houston, Buckley and Johnson",100143,Noack Bonbach AG & Co. KG,US,Direct_Master_Match,100,2025-10-25 17:36:40,Synthetic_Generated
100010262,ACC-010262,"Glover, Moran and Johnson",100144,Price-Barnes,DE,Direct_Master_Match,100,2025-10-25 17:36:40,Synthetic_Generated
100010265,ACC-010265,"Fitzgerald, Leblanc and Parsons",100145,Green and Sons,DE,Direct_Master_Match,100,2025-10-25 17:36:40,Synthetic_Generated
100010267,ACC-010267,Wilson Group,100146,Brown Inc,DE,Direct_Master_Match,100,2025-10-25 17:36:40,Synthetic_Generated
100010269,ACC-010269,Cox-Stephens,100147,Höfig GbR,FR,Direct_Master_Match,100,2025-10-25 17:36:40,Synthetic_Generated
100010270,ACC-010270,"Scott, James and Mckee",100148,Putz,GB,Direct_Master_Match,100,2025-10-25 17:36:40,Synthetic_Generated
100010276,ACC-010276,Manning-Santana,100149,Moreno-Wang,DE,Direct_Master_Match,100,2025-10-25 17:36:40,Synthetic_Generated
100010277,ACC-010277,Roberts-Tucker,100150,"Day, Harrison and May",DE,Direct_Master_Match,100,2025-10-25 17:36:40,Synthetic_Generated
100010278,ACC-010278,Graves-Baird,100151,Putz GmbH,GB,Direct_Master_Match,100,2025-10-25 17:36:40,Synthetic_Generated
100010279,ACC-010279,Vaughan-Cox,100152,King and Sons,US,Direct_Master_Match,100,2025-10-25 17:36:40,Synthetic_Generated
100010280,ACC-010280,Lee PLC,100153,Rosemann,US,Direct_Master_Match,100,2025-10-25 17:36:40,Synthetic_Generated
100010282,ACC-010282,Wong Ltd,100154,Börner,DE,Direct_Master_Match,100,2025-10-25 17:36:40,Synthetic_Generated
100010284,ACC-010284,"Garcia, Cruz and Rodriguez",100155,Mentzel AG,US,Direct_Master_Match,100,2025-10-25 17:36:40,Synthetic_Generated
100010285,ACC-010285,Garcia-Tanner,100156,Vincent Roussel SARL,US,Direct_Master_Match,100,2025-10-25 17:36:40,Synthetic_Generated
100010286,ACC-010286,Bailey-Garcia,100157,"Johnson, Jones and Glover",FR,Direct_Master_Match,100,2025-10-25 17:36:40,Synthetic_Generated
100010287,ACC-010287,"Leon, Cook and Pham",100158,Goodwin Ltd,US,Direct_Master_Match,100,2025-10-25 17:36:40,Synthetic_Generated
100010288,ACC-010288,Stevens-Conley,100159,Orr-Klein,US,Direct_Master_Match,100,2025-10-25 17:36:40,Synthetic_Generated
100010290,ACC-010290,Velasquez Group,100160,"Dean, Mills and Barnes",DE,Direct_Master_Match,100,2025-10-25 17:36:40,Synthetic_Generated
100010291,ACC-010291,"Downs, Webb and Williams",100161,Maurice Raynaud et Fils,DE,Direct_Master_Match,100,2025-10-25 17:36:40,Synthetic_Generated
100010292,ACC-010292,Aguirre Ltd,100162,Dumas S.A.,US,Direct_Master_Match,100,2025-10-25 17:36:40,Synthetic_Generated
100010295,ACC-010295,"Lewis, Carroll and Huerta",100163,Valette Hardy S.A.S.,GB,Direct_Master_Match,100,2025-10-25 17:36:40,Synthetic_Generated
100010296,ACC-010296,"Bowers, Sheppard and Kim",100164,Bazin SA,US,Direct_Master_Match,100,2025-10-25 17:36:40,Synthetic_Generated
100010297,ACC-010297,Wood LLC,100165,"Smith, Buck and Holland",US,Direct_Master_Match,100,2025-10-25 17:36:40,Synthetic_Generated
100010298,ACC-010298,"Campbell, Oliver and Buckley",100166,Robert S.A.S.,FR,Direct_Master_Match,100,2025-10-25 17:36:40,Synthetic_Generated
100010303,ACC-010303,Hill-Gonzalez,100167,Bazin,US,Direct_Master_Match,100,2025-10-25 17:36:40,Synthetic_Generated
100010306,ACC-010306,Buck LLC,100168,Anderson-Green,DE,Direct_Master_Match,100,2025-10-25 17:36:40,Synthetic_Generated
100010308,ACC-010308,Atkins-Mullins,100169,Preston-Mason,GB,Direct_Master_Match,100,2025-10-25 17:36:40,Synthetic_Generated
100010309,ACC-010309,Clark-Garza,100170,Lefort,DE,Direct_Master_Match,100,2025-10-25 17:36:40,Synthetic_Generated
100010310,ACC-010310,Gomez and Sons,100171,Ferguson Ltd,GB,Direct_Master_Match,100,2025-10-25 17:36:40,Synthetic_Generated
100010311,ACC-010311,Jacobson PLC,100172,Fry-Bryant,US,Direct_Master_Match,100,2025-10-25 17:36:40,Synthetic_Generated
100010313,ACC-010313,Ellis-Carey,100173,Pires,US,Direct_Master_Match,100,2025-10-25 17:36:40,Synthetic_Generated
100010314,ACC-010314,Lee-Riley,100174,"Butler, Khan and Burke",FR,Direct_Master_Match,100,2025-10-25 17:36:40,Synthetic_Generated
100010316,ACC-010316,Miller-Knight,100175,Renard,US,Direct_Master_Match,100,2025-10-25 17:36:40,Synthetic_Generated
100010317,ACC-010317,Powell Inc,100176,Robin Valette S.A.S.,US,Direct_Master_Match,100,2025-10-25 17:36:40,Synthetic_Generated
100010318,ACC-010318,Hanson-Gonzalez,100177,Ward-Rhodes,FR,Direct_Master_Match,100,2025-10-25 17:36:40,Synthetic_Generated
100010319,ACC-010319,Hunt Ltd,100178,Akhtar-Matthews,DE,Direct_Master_Match,100,2025-10-25 17:36:40,Synthetic_Generated
100010320,ACC-010320,Smith-Moore,100179,Bourdon Gillet SARL,US,Direct_Master_Match,100,2025-10-25 17:36:40,Synthetic_Generated
100010321,ACC-010321,Davis Inc,100180,Stanley-Wright,FR,Direct_Master_Match,100,2025-10-25 17:36:40,Synthetic_Generated
100010322,ACC-010322,Cervantes-Stokes,100181,Huet,DE,Direct_Master_Match,100,2025-10-25 17:36:40,Synthetic_Generated
100010325,ACC-010325,Velazquez Inc,100182,Da Silva,US,Direct_Master_Match,100,2025-10-25 17:36:40,Synthetic_Generated
100010326,ACC-010326,Perez Ltd,100183,Auger,DE,Direct_Master_Match,100,2025-10-25 17:36:40,Synthetic_Generated
100010327,ACC-010327,"Orozco, Flores and Weaver",100184,Wagner Bernier et Fils,US,Direct_Master_Match,100,2025-10-25 17:36:40,Synthetic_Generated
100010329,ACC-010329,Martin-James,100185,Ellis-Lawrence,US,Direct_Master_Match,100,2025-10-25 17:36:40,Synthetic_Generated
100010330,ACC-010330,Ortiz PLC,100186,Robson-Coates,DE,Direct_Master_Match,100,2025-10-25 17:36:40,Synthetic_Generated
100010333,ACC-010333,Edwards-Compton,100187,"Ward, Davies and Robinson",US,Direct_Master_Match,100,2025-10-25 17:36:40,Synthetic_Generated
100010336,ACC-010336,Morris-Flores,100188,"Smith, Bryant and Marshall",US,Direct_Master_Match,100,2025-10-25 17:36:40,Synthetic_Generated
100010337,ACC-010337,"Medina, Lee and Freeman",100189,"King, Oliver and Norman",US,Direct_Master_Match,100,2025-10-25 17:36:40,Synthetic_Generated
100010338,ACC-010338,Hill-Mccoy,100190,Gilbert SARL,US,Direct_Master_Match,100,2025-10-25 17:36:40,Synthetic_Generated
100010344,ACC-010344,West Group,100191,Pölitz AG,DE,Direct_Master_Match,100,2025-10-25 17:36:40,Synthetic_Generated
100010346,ACC-010346,Forbes-Cortez,100192,Caldwell Group,US,Direct_Master_Match,100,2025-10-25 17:36:40,Synthetic_Generated
100010347,ACC-010347,Davis-Weber,100193,"Reeves, Green and Page",US,Direct_Master_Match,100,2025-10-25 17:36:40,Synthetic_Generated
100010349,ACC-010349,"Thomas, Kim and Alexander",100194,Love-Johnson,US,Direct_Master_Match,100,2025-10-25 17:36:40,Synthetic_Generated
100010351,ACC-010351,Hood-Charles,100195,"Smith, Cortez and Brown",US,Direct_Master_Match,100,2025-10-25 17:36:40,Synthetic_Generated
100010354,ACC-010354,Taylor-Willis,100196,Moore-Robinson,US,Direct_Master_Match,100,2025-10-25 17:36:40,Synthetic_Generated
100010355,ACC-010355,"Morales, Williams and Hickman",100197,Schneider S.A.,DE,Direct_Master_Match,100,2025-10-25 17:36:40,Synthetic_Generated
100010361,ACC-010361,"Curry, Henderson and Johnson",100198,Hölzenbecher KG,GB,Direct_Master_Match,100,2025-10-25 17:36:40,Synthetic_Generated
100010362,ACC-010362,"Tyler, Reid and Davis",100199,Trub Stiftung & Co. KGaA,US,Direct_Master_Match,100,2025-10-25 17:36:40,Synthetic_Generated
100010363,ACC-010363,Torres-Potter,100200,Trevino-Taylor,US,Direct_Master_Match,100,2025-10-25 17:36:40,Synthetic_Generated
100010365,ACC-010365,Greene Ltd,100201,Hall PLC,US,Direct_Master_Match,100,2025-10-25 17:36:40,Synthetic_Generated
100010366,ACC-010366,"Davidson, Lara and Massey",100202,Heinrich Bolnbach GbR,US,Direct_Master_Match,100,2025-10-25 17:36:40,Synthetic_Generated
100010368,ACC-010368,"Moore, Walters and Alvarez",100203,Coste,DE,Direct_Master_Match,100,2025-10-25 17:36:40,Synthetic_Generated
100010373,ACC-010373,Bishop and Sons,100204,Gehringer Hein AG,DE,Direct_Master_Match,100,2025-10-25 17:36:40,Synthetic_Generated
100010374,ACC-010374,Morris Group,100205,Schuchhardt GmbH & Co. OHG,GB,Direct_Master_Match,100,2025-10-25 17:36:40,Synthetic_Generated
100010376,ACC-010376,Munoz-Cantu,100206,Brennan PLC,GB,Direct_Master_Match,100,2025-10-25 17:36:40,Synthetic_Generated
100010377,ACC-010377,Owens-Preston,100207,Payet,US,Direct_Master_Match,100,2025-10-25 17:36:40,Synthetic_Generated
100010378,ACC-010378,"Schaefer, Barry and Espinoza",100208,Reuter,DE,Direct_Master_Match,100,2025-10-25 17:36:40,Synthetic_Generated
100010379,ACC-010379,Williams-Gonzales,100209,Roche,DE,Direct_Master_Match,100,2025-10-25 17:36:40,Synthetic_Generated
100010382,ACC-010382,Barnes Inc,100210,Raymond,DE,Direct_Master_Match,100,2025-10-25 17:36:40,Synthetic_Generated
100010383,ACC-010383,Perez and Sons,100211,Hamann GmbH & Co. OHG,US,Direct_Master_Match,100,2025-10-25 17:36:40,Synthetic_Generated
100010384,ACC-010384,Hayes-Lewis,100212,"Cruz, Joyce and Mendez",US,Direct_Master_Match,100,2025-10-25 17:36:40,Synthetic_Generated
100010386,ACC-010386,Mcdonald-Taylor,100213,Chan-Gomez,US,Direct_Master_Match,100,2025-10-25 17:36:40,Synthetic_Generated
100010389,ACC-010389,Ochoa-Higgins,100214,Butler and Sons,US,Direct_Master_Match,100,2025-10-25 17:36:40,Synthetic_Generated
100010391,ACC-010391,Morris Inc,100215,"Williams, Patel and Jones",GB,Direct_Master_Match,100,2025-10-25 17:36:40,Synthetic_Generated
100010393,ACC-010393,Wood-Mccullough,100216,Davids Kuhl OHG mbH,DE,Direct_Master_Match,100,2025-10-25 17:36:40,Synthetic_Generated
100010401,ACC-010401,Thomas and Sons,100217,Schönland GmbH,US,Direct_Master_Match,100,2025-10-25 17:36:40,Synthetic_Generated
100010404,ACC-010404,"Cantu, Wood and Thomas",100218,Eckbauer,US,Direct_Master_Match,100,2025-10-25 17:36:40,Synthetic_Generated
100010406,ACC-010406,Ortega-Anderson,100219,"Clark, Carpenter and Nguyen",US,Direct_Master_Match,100,2025-10-25 17:36:40,Synthetic_Generated
100010407,ACC-010407,"Reynolds, Hahn and Johnson",100220,Eigenwillig,US,Direct_Master_Match,100,2025-10-25 17:36:40,Synthetic_Generated
100010408,ACC-010408,"Hernandez, Lewis and Pittman",100221,Deschamps,US,Direct_Master_Match,100,2025-10-25 17:36:40,Synthetic_Generated
100010410,ACC-010410,"Ramirez, Meyer and Moon",100222,Brown-O'Neill,US,Direct_Master_Match,100,2025-10-25 17:36:40,Synthetic_Generated
100010411,ACC-010411,Zimmerman-Anderson,100223,Martin and Sons,US,Direct_Master_Match,100,2025-10-25 17:36:40,Synthetic_Generated
100010412,ACC-010412,"Marks, Hartman and Rodriguez",100224,"Harrison, Francis and Thompson",US,Direct_Master_Match,100,2025-10-25 17:36:40,Synthetic_Generated
100010415,ACC-010415,Marks LLC,100225,Rolland,FR,Direct_Master_Match,100,2025-10-25 17:36:40,Synthetic_Generated
100010416,ACC-010416,"Brown, Ali and Jones",100226,Hardy,FR,Direct_Master_Match,100,2025-10-25 17:36:40,Synthetic_Generated
100010417,ACC-010417,Blackburn Ltd,100227,Ribeiro,US,Direct_Master_Match,100,2025-10-25 17:36:40,Synthetic_Generated
100010418,ACC-010418,Cole and Sons,100228,Vasseur,GB,Direct_Master_Match,100,2025-10-25 17:36:40,Synthetic_Generated
100010421,ACC-010421,Gardner-Warren,100229,Bähr Flantz AG,US,Direct_Master_Match,100,2025-10-25 17:36:40,Synthetic_Generated
100010422,ACC-010422,"Jones, Gonzalez and Johnson",100230,Barthelemy,US,Direct_Master_Match,100,2025-10-25 17:36:40,Synthetic_Generated
100010423,ACC-010423,Griffin Ltd,100231,Kranz Aumann AG,US,Direct_Master_Match,100,2025-10-25 17:36:40,Synthetic_Generated
100010425,ACC-010425,Bryant-Randolph,100232,Evans Inc,US,Direct_Master_Match,100,2025-10-25 17:36:40,Synthetic_Generated
100010428,ACC-010428,"Perez, Mckinney and Rogers",100233,Newman-Miles,US,Direct_Master_Match,100,2025-10-25 17:36:40,Synthetic_Generated
100010430,ACC-010430,Mullins-Carrillo,100234,Jones Group,US,Direct_Master_Match,100,2025-10-25 17:36:40,Synthetic_Generated
100010432,ACC-010432,Perez-Wallace,100235,Scholl GmbH,FR,Direct_Master_Match,100,2025-10-25 17:36:40,Synthetic_Generated
100010433,ACC-010433,Johnson Inc,100236,Beckmann AG & Co. OHG,US,Direct_Master_Match,100,2025-10-25 17:36:40,Synthetic_Generated
100010434,ACC-010434,"Smith, Beard and Taylor",100237,Conrad and Sons,US,Direct_Master_Match,100,2025-10-25 17:36:40,Synthetic_Generated
100010438,ACC-010438,Donovan-Pierce,100238,Dietz,US,Direct_Master_Match,100,2025-10-25 17:36:40,Synthetic_Generated
100010439,ACC-010439,Williams Ltd,100239,Duval,FR,Direct_Master_Match,100,2025-10-25 17:36:40,Synthetic_Generated
100010440,ACC-010440,Martinez-Sanchez,100240,Wilms Rogner Stiftung & Co. KGaA,GB,Direct_Master_Match,100,2025-10-25 17:36:40,Synthetic_Generated
100010441,ACC-010441,Obrien-Watson,100241,Bender GmbH & Co. KG,DE,Direct_Master_Match,100,2025-10-25 17:36:40,Synthetic_Generated
100010442,ACC-010442,Kim LLC,100242,Fletcher-Taylor,US,Direct_Master_Match,100,2025-10-25 17:36:40,Synthetic_Generated
100010443,ACC-010443,Pitts-Lopez,100243,Hoffmann Zimmer GmbH,US,Direct_Master_Match,100,2025-10-25 17:36:40,Synthetic_Generated
100010444,ACC-010444,Palmer-Smith,100244,Guilbert Chauvet et Fils,DE,Direct_Master_Match,100,2025-10-25 17:36:40,Synthetic_Generated
100010445,ACC-010445,Hayden-Harding,100245,"Fuller, Roberts and Johnson",GB,Direct_Master_Match,100,2025-10-25 17:36:40,Synthetic_Generated
100010446,ACC-010446,King-Ross,100246,Ward Inc,US,Direct_Master_Match,100,2025-10-25 17:36:40,Synthetic_Generated
100010447,ACC-010447,Brown-Hicks,100247,Guerrero-Alvarado,US,Direct_Master_Match,100,2025-10-25 17:36:40,Synthetic_Generated
100010448,ACC-010448,"Reyes, Foster and Williams",100248,Leach-Fraser,US,Direct_Master_Match,100,2025-10-25 17:36:40,Synthetic_Generated
100010453,ACC-010453,"Nguyen, Allen and Hernandez",100249,Delattre Guillot S.A.S.,US,Direct_Master_Match,100,2025-10-25 17:36:40,Synthetic_Generated
100010454,ACC-010454,Johnson LLC,100250,Bevan Ltd,US,Direct_Master_Match,100,2025-10-25 17:36:40,Synthetic_Generated
100010455,ACC-010455,Garcia PLC,100251,Marsh Inc,US,Direct_Master_Match,100,2025-10-25 17:36:40,Synthetic_Generated
100010456,ACC-010456,"Hall, Edwards and Garza",100252,Beckmann GmbH & Co. KG,DE,Direct_Master_Match,100,2025-10-25 17:36:40,Synthetic_Generated
100010457,ACC-010457,"Murphy, Gardner and Gonzalez",100253,Raynaud et Fils,DE,Direct_Master_Match,100,2025-10-25 17:36:40,Synthetic_Generated
100010458,ACC-010458,Wilson Group,100254,Aubert SARL,US,Direct_Master_Match,100,2025-10-25 17:36:40,Synthetic_Generated
100010460,ACC-010460,"Meyer, Miranda and Watkins",100255,Lehmann Junitz GmbH & Co. KG,US,Direct_Master_Match,100,2025-10-25 17:36:40,Synthetic_Generated
100010463,ACC-010463,Mayo Inc,100256,Wagner,US,Direct_Master_Match,100,2025-10-25 17:36:40,Synthetic_Generated
100010464,ACC-010464,"Wright, Dawson and Hall",100257,Rosemann Sorgatz AG & Co. KG,GB,Direct_Master_Match,100,2025-10-25 17:36:40,Synthetic_Generated
100010465,ACC-010465,Price and Sons,100258,Devaux,DE,Direct_Master_Match,100,2025-10-25 17:36:40,Synthetic_Generated
100010466,ACC-010466,Harris-Shields,100259,Holsten,DE,Direct_Master_Match,100,2025-10-25 17:36:40,Synthetic_Generated
100010467,ACC-010467,Burton PLC,100260,Hölzenbecher,DE,Direct_Master_Match,100,2025-10-25 17:36:40,Synthetic_Generated
100010471,ACC-010471,Burton-Beard,100261,Hill-Whittaker,US,Direct_Master_Match,100,2025-10-25 17:36:40,Synthetic_Generated
100010472,ACC-010472,"Joyce, Mercado and Moore",100262,Arnaud,US,Direct_Master_Match,100,2025-10-25 17:36:40,Synthetic_Generated
100010475,ACC-010475,Ball LLC,100263,Schwital AG & Co. OHG,GB,Direct_Master_Match,100,2025-10-25 17:36:40,Synthetic_Generated
100010476,ACC-010476,"Green, Sanchez and Reed",100264,"Jones, Jones and Fowler",US,Direct_Master_Match,100,2025-10-25 17:36:40,Synthetic_Generated
100010480,ACC-010480,Shaffer Inc,100265,Morgan LLC,GB,Direct_Master_Match,100,2025-10-25 17:36:40,Synthetic_Generated
100010482,ACC-010482,Blackwell Inc,100266,Guichard Sauvage SARL,DE,Direct_Master_Match,100,2025-10-25 17:36:40,Synthetic_Generated
100010483,ACC-010483,"Reese, Cross and Anderson",100267,"Rhodes, Anderson and Hardy",US,Direct_Master_Match,100,2025-10-25 17:36:40,Synthetic_Generated
100010484,ACC-010484,"Lewis, Cisneros and Saunders",100268,"Norman, Potter and Lucas",US,Direct_Master_Match,100,2025-10-25 17:36:40,Synthetic_Generated
100010485,ACC-010485,"Ramsey, Brown and Estrada",100269,"Smith, Hammond and Osborne",GB,Direct_Master_Match,100,2025-10-25 17:36:40,Synthetic_Generated
100010488,ACC-010488,"Hines, Stephens and Thomas",100270,Bradley-Davis,FR,Direct_Master_Match,100,2025-10-25 17:36:40,Synthetic_Generated
100010490,ACC-010490,Wiggins Group,100271,Rodriguez-Mendoza,GB,Direct_Master_Match,100,2025-10-25 17:36:40,Synthetic_Generated
100010491,ACC-010491,Cunningham PLC,100272,Freudenberger,US,Direct_Master_Match,100,2025-10-25 17:36:40,Synthetic_Generated
100010492,ACC-010492,Bryan Ltd,100273,Allain S.A.S.,US,Direct_Master_Match,100,2025-10-25 17:36:40,Synthetic_Generated
100010493,ACC-010493,"Wright, Garcia and Ruiz",100274,Montoya PLC,US,Direct_Master_Match,100,2025-10-25 17:36:40,Synthetic_Generated
100010496,ACC-010496,"Garza, Barton and Adams",100275,Tyler-Johnston,GB,Direct_Master_Match,100,2025-10-25 17:36:40,Synthetic_Generated
100010498,ACC-010498,"Gonzalez, Gamble and Johnson",100276,Reynolds PLC,DE,Direct_Master_Match,100,2025-10-25 17:36:40,Synthetic_Generated
100010499,ACC-010499,"Long, Taylor and Serrano",100277,Steckel Eberth AG & Co. KG,US,Direct_Master_Match,100,2025-10-25 17:36:40,Synthetic_Generated
100010500,ACC-010500,Walker PLC,100278,De Sousa Grégoire S.A.R.L.,US,Direct_Master_Match,100,2025-10-25 17:36:40,Synthetic_Generated
100010502,ACC-010502,Clements-Sparks,100279,Marie,US,Direct_Master_Match,100,2025-10-25 17:36:40,Synthetic_Generated
100010506,ACC-010506,"Sanchez, Baker and Moore",100280,Gibson-Escobar,US,Direct_Master_Match,100,2025-10-25 17:36:40,Synthetic_Generated
100010507,ACC-010507,"Spencer, Blair and Long",100281,Marchand S.A.S.,FR,Direct_Master_Match,100,2025-10-25 17:36:40,Synthetic_Generated
100010508,ACC-010508,Sandoval-Richards,100282,Matthäi,US,Direct_Master_Match,100,2025-10-25 17:36:40,Synthetic_Generated
100010509,ACC-010509,"Baldwin, Wilson and Barry",100283,"Baker, Weiss and Williams",US,Direct_Master_Match,100,2025-10-25 17:36:40,Synthetic_Generated
100010510,ACC-010510,"Lopez, Johnson and Williams",100284,Palmer-Saunders,US,Direct_Master_Match,100,2025-10-25 17:36:40,Synthetic_Generated
100010511,ACC-010511,Johnson and Sons,100285,Steinberg,US,Direct_Master_Match,100,2025-10-25 17:36:40,Synthetic_Generated
100010512,ACC-010512,Clark Inc,100286,Mays Ltd,US,Direct_Master_Match,100,2025-10-25 17:36:40,Synthetic_Generated
100010516,ACC-010516,"Brown, Ramos and Rhodes",100287,Boucher,US,Direct_Master_Match,100,2025-10-25 17:36:40,Synthetic_Generated
100010517,ACC-010517,Rodriguez-Watkins,100288,Fernandez Group,US,Direct_Master_Match,100,2025-10-25 17:36:40,Synthetic_Generated
100010519,ACC-010519,"Lawrence, Fischer and Pope",100289,Jüttner,US,Direct_Master_Match,100,2025-10-25 17:36:40,Synthetic_Generated
100010520,ACC-010520,Lucas-Harper,100290,Lefort et Fils,US,Direct_Master_Match,100,2025-10-25 17:36:40,Synthetic_Generated
100010521,ACC-010521,"Garza, Roberts and Carroll",100291,Lefort S.A.R.L.,US,Direct_Master_Match,100,2025-10-25 17:36:40,Synthetic_Generated
100010525,ACC-010525,Smith-Hoffman,100292,Wilson-Roman,DE,Direct_Master_Match,100,2025-10-25 17:36:40,Synthetic_Generated
100010528,ACC-010528,Ramos Group,100293,Chen LLC,US,Direct_Master_Match,100,2025-10-25 17:36:40,Synthetic_Generated
100010529,ACC-010529,"White, Kirk and Norman",100294,Hamann Wieloch AG,US,Direct_Master_Match,100,2025-10-25 17:36:40,Synthetic_Generated
100010530,ACC-010530,Roman-Evans,100295,Neuschäfer AG,US,Direct_Master_Match,100,2025-10-25 17:36:40,Synthetic_Generated
100010532,ACC-010532,Thompson Ltd,100296,Dupuis,US,Direct_Master_Match,100,2025-10-25 17:36:40,Synthetic_Generated
100010533,ACC-010533,Little Group,100297,Bloch Gude AG,GB,Direct_Master_Match,100,2025-10-25 17:36:40,Synthetic_Generated
100010535,ACC-010535,Cohen-Weiss,100298,Zimmer AG,DE,Direct_Master_Match,100,2025-10-25 17:36:40,Synthetic_Generated
100010536,ACC-010536,Wells-Mitchell,100299,Rojas and Sons,GB,Direct_Master_Match,100,2025-10-25 17:36:40,Synthetic_Generated
100010537,ACC-010537,Schneider Inc,100300,Tschentscher Gude KGaA,US,Direct_Master_Match,100,2025-10-25 17:36:40,Synthetic_Generated
100010540,ACC-010540,Lowery and Sons,100301,Röhrdanz,US,Direct_Master_Match,100,2025-10-25 17:36:40,Synthetic_Generated
100010542,ACC-010542,"Wolf, Jordan and Kelley",100302,Adolph,GB,Direct_Master_Match,100,2025-10-25 17:36:40,Synthetic_Generated
100010545,ACC-010545,Becker-Watson,100303,"Dennis, Dodson and Anderson",US,Direct_Master_Match,100,2025-10-25 17:36:40,Synthetic_Generated
100010547,ACC-010547,Lopez-Miller,100304,"Rhodes, Pickering and Phillips",DE,Direct_Master_Match,100,2025-10-25 17:36:40,Synthetic_Generated
100010548,ACC-010548,"Mcdonald, Watkins and Berry",100305,Drewes,US,Direct_Master_Match,100,2025-10-25 17:36:40,Synthetic_Generated
100010552,ACC-010552,Flores LLC,100306,Jones-Hill,DE,Direct_Master_Match,100,2025-10-25 17:36:40,Synthetic_Generated
100010553,ACC-010553,Haas LLC,100307,Dowerg Textor AG & Co. KG,US,Direct_Master_Match,100,2025-10-25 17:36:40,Synthetic_Generated
100010555,ACC-010555,Carpenter-Richmond,100308,Lopez-Johnson,US,Direct_Master_Match,100,2025-10-25 17:36:40,Synthetic_Generated
100010557,ACC-010557,Long-Robinson,100309,Gomez Group,US,Direct_Master_Match,100,2025-10-25 17:36:40,Synthetic_Generated
100010564,ACC-010564,Anderson and Sons,100310,Powell-Marsden,US,Direct_Master_Match,100,2025-10-25 17:36:40,Synthetic_Generated
100010565,ACC-010565,Cortez LLC,100311,Lagarde,US,Direct_Master_Match,100,2025-10-25 17:36:40,Synthetic_Generated
100010567,ACC-010567,Buchanan-Watson,100312,Brown PLC,US,Direct_Master_Match,100,2025-10-25 17:36:40,Synthetic_Generated
100010569,ACC-010569,Rodriguez and Sons,100313,Luna Group,US,Direct_Master_Match,100,2025-10-25 17:36:40,Synthetic_Generated
100010570,ACC-010570,"Graves, Ochoa and Cervantes",100314,Begum PLC,DE,Direct_Master_Match,100,2025-10-25 17:36:40,Synthetic_Generated
100010571,ACC-010571,Gray LLC,100315,Davenport-Torres,US,Direct_Master_Match,100,2025-10-25 17:36:40,Synthetic_Generated
100010572,ACC-010572,Perez-Perez,100316,Stroh Seidel GbR,GB,Direct_Master_Match,100,2025-10-25 17:36:40,Synthetic_Generated
100010573,ACC-010573,Orozco PLC,100317,Hunt-Johnston,DE,Direct_Master_Match,100,2025-10-25 17:36:40,Synthetic_Generated
100010574,ACC-010574,Love Ltd,100318,Vincent-Holmes,US,Direct_Master_Match,100,2025-10-25 17:36:40,Synthetic_Generated
100010576,ACC-010576,Patterson-Smith,100319,Moore and Sons,US,Direct_Master_Match,100,2025-10-25 17:36:40,Synthetic_Generated
100010580,ACC-010580,Hale-Harrison,100320,Täsche AG & Co. KG,US,Direct_Master_Match,100,2025-10-25 17:36:40,Synthetic_Generated
100010583,ACC-010583,Mendoza LLC,100321,Contreras-Webster,US,Direct_Master_Match,100,2025-10-25 17:36:40,Synthetic_Generated
100010584,ACC-010584,"Larson, Lee and Aguilar",100322,Davis Ltd,DE,Direct_Master_Match,100,2025-10-25 17:36:40,Synthetic_Generated
100010586,ACC-010586,Owens and Sons,100323,Kramer Löffler AG & Co. OHG,US,Direct_Master_Match,100,2025-10-25 17:36:40,Synthetic_Generated
100010589,ACC-010589,Gutierrez-Dean,100324,Foster-Webster,DE,Direct_Master_Match,100,2025-10-25 17:36:40,Synthetic_Generated
100010590,ACC-010590,Berry-Shepard,100325,Barbe,US,Direct_Master_Match,100,2025-10-25 17:36:40,Synthetic_Generated
100010591,ACC-010591,Garcia-Thompson,100326,Lopes,US,Direct_Master_Match,100,2025-10-25 17:36:40,Synthetic_Generated
100010592,ACC-010592,"Pittman, Porter and Greene",100327,Brunet,DE,Direct_Master_Match,100,2025-10-25 17:36:40,Synthetic_Generated
100010594,ACC-010594,Reynolds Inc,100328,Williams-Fowler,DE,Direct_Master_Match,100,2025-10-25 17:36:40,Synthetic_Generated
100010596,ACC-010596,"Wilson, Graham and Anderson",100329,Baker-Garza,US,Direct_Master_Match,100,2025-10-25 17:36:40,Synthetic_Generated
100010597,ACC-010597,"Wheeler, Austin and Johnston",100330,Parsons-Adams,DE,Direct_Master_Match,100,2025-10-25 17:36:40,Synthetic_Generated
100010599,ACC-010599,"Orozco, Nunez and Andrade",100331,Prévost S.A.R.L.,US,Direct_Master_Match,100,2025-10-25 17:36:40,Synthetic_Generated
100010600,ACC-010600,"Chase, Rice and Nguyen",100332,Schuster Zirme AG,GB,Direct_Master_Match,100,2025-10-25 17:36:40,Synthetic_Generated
100010601,ACC-010601,Booker-Barnes,100333,Bourgeois,US,Direct_Master_Match,100,2025-10-25 17:36:40,Synthetic_Generated
100010604,ACC-010604,Wilson Inc,100334,"Gonzalez, Ford and Allen",GB,Direct_Master_Match,100,2025-10-25 17:36:40,Synthetic_Generated
100010606,ACC-010606,Petersen PLC,100335,Jones-Chambers,DE,Direct_Master_Match,100,2025-10-25 17:36:40,Synthetic_Generated
100010609,ACC-010609,"Day, Dennis and Williamson",100336,"Tucker, Smith and Heath",US,Direct_Master_Match,100,2025-10-25 17:36:40,Synthetic_Generated
100010610,ACC-010610,Fowler-Kelly,100337,Young-Smith,FR,Direct_Master_Match,100,2025-10-25 17:36:40,Synthetic_Generated
100010611,ACC-010611,Petersen PLC,100338,Pruvost,DE,Direct_Master_Match,100,2025-10-25 17:36:40,Synthetic_Generated
100010612,ACC-010612,Daniel-Webb,100339,Berry PLC,US,Direct_Master_Match,100,2025-10-25 17:36:40,Synthetic_Generated
100010614,ACC-010614,Harvey-Crosby,100340,Green-West,DE,Direct_Master_Match,100,2025-10-25 17:36:40,Synthetic_Generated
100010615,ACC-010615,Roach-Murray,100341,"Collins, Burton and Elliott",FR,Direct_Master_Match,100,2025-10-25 17:36:40,Synthetic_Generated
100010616,ACC-010616,Hill LLC,100342,Striebitz,GB,Direct_Master_Match,100,2025-10-25 17:36:40,Synthetic_Generated
100010617,ACC-010617,"Garner, Martinez and Allen",100343,Masse,GB,Direct_Master_Match,100,2025-10-25 17:36:40,Synthetic_Generated
100010618,ACC-010618,"Murray, Morales and Bullock",100344,May Inc,US,Direct_Master_Match,100,2025-10-25 17:36:40,Synthetic_Generated
100010619,ACC-010619,James and Sons,100345,Haering Schinke AG & Co. OHG,DE,Direct_Master_Match,100,2025-10-25 17:36:40,Synthetic_Generated
100010620,ACC-010620,Clayton-Williams,100346,Guyon,US,Direct_Master_Match,100,2025-10-25 17:36:40,Synthetic_Generated
100010622,ACC-010622,"Galloway, Mccormick and Todd",100347,"White, Jackson and Vasquez",DE,Direct_Master_Match,100,2025-10-25 17:36:40,Synthetic_Generated
100010623,ACC-010623,Lopez and Sons,100348,Walter Noack e.G.,GB,Direct_Master_Match,100,2025-10-25 17:36:40,Synthetic_Generated
100010626,ACC-010626,Marshall-Jacobs,100349,Teixeira,US,Direct_Master_Match,100,2025-10-25 17:36:40,Synthetic_Generated
100010627,ACC-010627,Berg-Mckinney,100350,Buchholz Hentschel e.G.,GB,Direct_Master_Match,100,2025-10-25 17:36:40,Synthetic_Generated
100010628,ACC-010628,Thomas Ltd,100351,Techer,DE,Direct_Master_Match,100,2025-10-25 17:36:40,Synthetic_Generated
100010629,ACC-010629,"Fernandez, Rodriguez and Johnson",100352,Winkler GmbH,DE,Direct_Master_Match,100,2025-10-25 17:36:40,Synthetic_Generated
100010633,ACC-010633,"Ramirez, Robinson and Hamilton",100353,Stadelmann Dietz GmbH,DE,Direct_Master_Match,100,2025-10-25 17:36:40,Synthetic_Generated
100010634,ACC-010634,Jenkins-Griffin,100354,Mcdonald-Miller,DE,Direct_Master_Match,100,2025-10-25 17:36:40,Synthetic_Generated
100010636,ACC-010636,Cunningham-Mitchell,100355,Gauthier,DE,Direct_Master_Match,100,2025-10-25 17:36:40,Synthetic_Generated
100010637,ACC-010637,"Brooks, Jimenez and Jordan",100356,Fox-Murphy,US,Direct_Master_Match,100,2025-10-25 17:36:40,Synthetic_Generated
100010638,ACC-010638,Barnett-White,100357,Wilson-Jackson,US,Direct_Master_Match,100,2025-10-25 17:36:40,Synthetic_Generated
100010641,ACC-010641,Gonzalez-Brady,100358,Bachmann Stiftung & Co. KG,FR,Direct_Master_Match,100,2025-10-25 17:36:40,Synthetic_Generated
100010642,ACC-010642,"Munoz, Rubio and Miller",100359,Georges,DE,Direct_Master_Match,100,2025-10-25 17:36:40,Synthetic_Generated
100010644,ACC-010644,Castillo-Hampton,100360,Costa,DE,Direct_Master_Match,100,2025-10-25 17:36:40,Synthetic_Generated
100010645,ACC-010645,"Johnson, Holder and Morrison",100361,Costa S.A.S.,GB,Direct_Master_Match,100,2025-10-25 17:36:40,Synthetic_Generated
100010648,ACC-010648,Hunter-Peterson,100362,Roberts-Watts,DE,Direct_Master_Match,100,2025-10-25 17:36:40,Synthetic_Generated
100010650,ACC-010650,West Group,100363,Evans-Steele,US,Direct_Master_Match,100,2025-10-25 17:36:40,Synthetic_Generated
100010653,ACC-010653,"Hall, Brooks and Case",100364,"Williams, Shah and Lloyd",DE,Direct_Master_Match,100,2025-10-25 17:36:40,Synthetic_Generated
100010654,ACC-010654,Jennings-Pugh,100365,Little-Lees,US,Direct_Master_Match,100,2025-10-25 17:36:40,Synthetic_Generated
100010657,ACC-010657,"Perez, Roach and Bailey",100366,Lejeune,DE,Direct_Master_Match,100,2025-10-25 17:36:40,Synthetic_Generated
100010658,ACC-010658,Horn-Long,100367,Bohlander,FR,Direct_Master_Match,100,2025-10-25 17:36:40,Synthetic_Generated
100010659,ACC-010659,Jones Group,100368,Medina Group,FR,Direct_Master_Match,100,2025-10-25 17:36:40,Synthetic_Generated
100010664,ACC-010664,"Smith, Rosales and Jackson",100369,Johnson-Evans,DE,Direct_Master_Match,100,2025-10-25 17:36:40,Synthetic_Generated
100010668,ACC-010668,Mitchell and Sons,100370,King-Sharp,GB,Direct_Master_Match,100,2025-10-25 17:36:40,Synthetic_Generated
100010669,ACC-010669,Delgado Inc,100371,Cohen Garnier SARL,US,Direct_Master_Match,100,2025-10-25 17:36:40,Synthetic_Generated
100010670,ACC-010670,Daniels Group,100372,Eckbauer,US,Direct_Master_Match,100,2025-10-25 17:36:40,Synthetic_Generated
100010672,ACC-010672,"Harper, Serrano and Hughes",100373,Mathieu SARL,US,Direct_Master_Match,100,2025-10-25 17:36:40,Synthetic_Generated
100010673,ACC-010673,Farmer Group,100374,Taylor Group,GB,Direct_Master_Match,100,2025-10-25 17:36:40,Synthetic_Generated
100010674,ACC-010674,Matthews-Moore,100375,Gérard,US,Direct_Master_Match,100,2025-10-25 17:36:40,Synthetic_Generated
100010675,ACC-010675,Benjamin LLC,100376,Riehl,US,Direct_Master_Match,100,2025-10-25 17:36:40,Synthetic_Generated
100010676,ACC-010676,Alvarez PLC,100377,Joubert S.A.S.,US,Direct_Master_Match,100,2025-10-25 17:36:40,Synthetic_Generated
100010677,ACC-010677,Bean-White,100378,Wilmsen Cichorius AG & Co. KG,DE,Direct_Master_Match,100,2025-10-25 17:36:40,Synthetic_Generated
100010678,ACC-010678,"Valenzuela, Baker and Adams",100379,Pechel Weller GmbH & Co. OHG,US,Direct_Master_Match,100,2025-10-25 17:36:40,Synthetic_Generated
100010679,ACC-010679,Bishop Ltd,100380,Bousquet S.A.S.,GB,Direct_Master_Match,100,2025-10-25 17:36:40,Synthetic_Generated
100010680,ACC-010680,Hernandez-Gonzalez,100381,"Kelly, Gray and White",US,Direct_Master_Match,100,2025-10-25 17:36:40,Synthetic_Generated
100010682,ACC-010682,"Miller, Ritter and Powell",100382,Nicholls PLC,DE,Direct_Master_Match,100,2025-10-25 17:36:40,Synthetic_Generated
100010683,ACC-010683,"Murphy, Powers and Phillips",100383,Benard S.A.R.L.,GB,Direct_Master_Match,100,2025-10-25 17:36:40,Synthetic_Generated
100010684,ACC-010684,Burton Inc,100384,Klotz Beier GbR,DE,Direct_Master_Match,100,2025-10-25 17:36:40,Synthetic_Generated
100010686,ACC-010686,Cline-Schroeder,100385,Gude,DE,Direct_Master_Match,100,2025-10-25 17:36:40,Synthetic_Generated
100010687,ACC-010687,Woodard-Hayes,100386,Davies Group,GB,Direct_Master_Match,100,2025-10-25 17:36:40,Synthetic_Generated
100010689,ACC-010689,Gill Group,100387,"Perez, Norris and Rosario",US,Direct_Master_Match,100,2025-10-25 17:36:40,Synthetic_Generated
100010690,ACC-010690,"Douglas, Johnson and Gamble",100388,Stone-Young,US,Direct_Master_Match,100,2025-10-25 17:36:40,Synthetic_Generated
100010691,ACC-010691,Anderson-Russell,100389,Henry et Fils,US,Direct_Master_Match,100,2025-10-25 17:36:40,Synthetic_Generated
100010692,ACC-010692,Foster and Sons,100390,"Lucas, Webb and Wright",DE,Direct_Master_Match,100,2025-10-25 17:36:40,Synthetic_Generated
100010693,ACC-010693,Hall-Rodriguez,100391,Anderson PLC,US,Direct_Master_Match,100,2025-10-25 17:36:40,Synthetic_Generated
100010696,ACC-010696,Garza LLC,100392,Hellwig GmbH & Co. OHG,DE,Direct_Master_Match,100,2025-10-25 17:36:40,Synthetic_Generated
100010697,ACC-010697,Ibarra Ltd,100393,Mills-Webb,US,Direct_Master_Match,100,2025-10-25 17:36:40,Synthetic_Generated
100010701,ACC-010701,"Roberts, Luna and Johnson",100394,Robert Étienne SA,DE,Direct_Master_Match,100,2025-10-25 17:36:40,Synthetic_Generated
100010702,ACC-010702,"West, Edwards and Tucker",100395,Tschentscher Gertz GmbH,GB,Direct_Master_Match,100,2025-10-25 17:36:40,Synthetic_Generated
100010704,ACC-010704,Sanders-Murray,100396,Gröttner KG,US,Direct_Master_Match,100,2025-10-25 17:36:40,Synthetic_Generated
100010705,ACC-010705,Parks-Hanson,100397,Barton PLC,US,Direct_Master_Match,100,2025-10-25 17:36:40,Synthetic_Generated
100010706,ACC-010706,Murphy-Blake,100398,Reynaud,US,Direct_Master_Match,100,2025-10-25 17:36:40,Synthetic_Generated
100010711,ACC-010711,Johnson-Day,100399,Walton LLC,FR,Direct_Master_Match,100,2025-10-25 17:36:40,Synthetic_Generated
100010713,ACC-010713,"Morris, Green and Burton",100400,Maillard,DE,Direct_Master_Match,100,2025-10-25 17:36:40,Synthetic_Generated
100010714,ACC-010714,Callahan Inc,100401,Gunpf Steuer GmbH,US,Direct_Master_Match,100,2025-10-25 17:36:40,Synthetic_Generated
100010715,ACC-010715,Marks Inc,100402,Heidrich Heidrich Stiftung & Co. KGaA,DE,Direct_Master_Match,100,2025-10-25 17:36:40,Synthetic_Generated
100010717,ACC-010717,"Clark, Bonilla and Collins",100403,Taylor-Russo,FR,Direct_Master_Match,100,2025-10-25 17:36:40,Synthetic_Generated
100010718,ACC-010718,Andrews-Carter,100404,Martins,US,Direct_Master_Match,100,2025-10-25 17:36:40,Synthetic_Generated
100010719,ACC-010719,"Clark, Johnson and Cunningham",100405,Gonzalez Group,US,Direct_Master_Match,100,2025-10-25 17:36:40,Synthetic_Generated
100010721,ACC-010721,"Patrick, Villarreal and Herrera",100406,Friedman-Glenn,DE,Direct_Master_Match,100,2025-10-25 17:36:40,Synthetic_Generated
100010725,ACC-010725,Parks-Carter,100407,Jüttner,US,Direct_Master_Match,100,2025-10-25 17:36:40,Synthetic_Generated
100010727,ACC-010727,"Monroe, Thomas and Patterson",100408,Wagner,US,Direct_Master_Match,100,2025-10-25 17:36:40,Synthetic_Generated
100010729,ACC-010729,"Thompson, White and Gray",100409,Jones-Garcia,US,Direct_Master_Match,100,2025-10-25 17:36:40,Synthetic_Generated
100010731,ACC-010731,Powell PLC,100410,"Stark, Murphy and Goodman",GB,Direct_Master_Match,100,2025-10-25 17:36:40,Synthetic_Generated
100010732,ACC-010732,"Ellis, Newman and Villa",100411,Phillips PLC,US,Direct_Master_Match,100,2025-10-25 17:36:40,Synthetic_Generated
100010734,ACC-010734,Sanders-Gonzalez,100412,Hebert,GB,Direct_Master_Match,100,2025-10-25 17:36:40,Synthetic_Generated
100010737,ACC-010737,Frost-Powell,100413,Davies Inc,US,Direct_Master_Match,100,2025-10-25 17:36:40,Synthetic_Generated
100010739,ACC-010739,"Lewis, Graham and Sweeney",100414,Valdez-Smith,DE,Direct_Master_Match,100,2025-10-25 17:36:40,Synthetic_Generated
100010742,ACC-010742,"Sosa, Fisher and White",100415,"Jones, Goodwin and Jenkins",DE,Direct_Master_Match,100,2025-10-25 17:36:40,Synthetic_Generated
100010745,ACC-010745,Thompson Ltd,100416,Renaud,GB,Direct_Master_Match,100,2025-10-25 17:36:40,Synthetic_Generated
100010746,ACC-010746,Vargas-Torres,100417,Vidal,US,Direct_Master_Match,100,2025-10-25 17:36:40,Synthetic_Generated
100010747,ACC-010747,English-Miller,100418,Langlois,DE,Direct_Master_Match,100,2025-10-25 17:36:40,Synthetic_Generated
100010748,ACC-010748,Turner Inc,100419,Briand,US,Direct_Master_Match,100,2025-10-25 17:36:40,Synthetic_Generated
100010751,ACC-010751,"Allen, Sanchez and Brooks",100420,Le Roux S.A.,US,Direct_Master_Match,100,2025-10-25 17:36:40,Synthetic_Generated
100010752,ACC-010752,Bauer-Cooper,100421,Le Gall,US,Direct_Master_Match,100,2025-10-25 17:36:40,Synthetic_Generated
100010754,ACC-010754,Melton Group,100422,Guyon,US,Direct_Master_Match,100,2025-10-25 17:36:40,Synthetic_Generated
100010755,ACC-010755,"Sims, York and James",100423,Munoz,US,Direct_Master_Match,100,2025-10-25 17:36:40,Synthetic_Generated
100010757,ACC-010757,Lane-Arellano,100424,"Ali, Hawkins and Wood",DE,Direct_Master_Match,100,2025-10-25 17:36:40,Synthetic_Generated
100010759,ACC-010759,"Brown, Bradley and Warner",100425,Bègue,US,Direct_Master_Match,100,2025-10-25 17:36:40,Synthetic_Generated
100010760,ACC-010760,Johnson-Tyler,100426,"Martin, Carter and Gray",US,Direct_Master_Match,100,2025-10-25 17:36:40,Synthetic_Generated
100010761,ACC-010761,Odonnell and Sons,100427,"Mahmood, Middleton and Ball",DE,Direct_Master_Match,100,2025-10-25 17:36:40,Synthetic_Generated
100010764,ACC-010764,"Douglas, Townsend and Hicks",100428,Bernard Diaz SARL,US,Direct_Master_Match,100,2025-10-25 17:36:40,Synthetic_Generated
100010765,ACC-010765,Stewart-Little,100429,Peron S.A.R.L.,US,Direct_Master_Match,100,2025-10-25 17:36:40,Synthetic_Generated
100010767,ACC-010767,Bennett Ltd,100430,Kraus Wilms GbR,US,Direct_Master_Match,100,2025-10-25 17:36:40,Synthetic_Generated
100010768,ACC-010768,"Warner, Ellis and Cox",100431,Drub,DE,Direct_Master_Match,100,2025-10-25 17:36:40,Synthetic_Generated
100010770,ACC-010770,Ryan-Baker,100432,"Phelps, Stewart and Cabrera",US,Direct_Master_Match,100,2025-10-25 17:36:40,Synthetic_Generated
100010774,ACC-010774,"Garcia, Burnett and Simmons",100433,Mason and Sons,DE,Direct_Master_Match,100,2025-10-25 17:36:40,Synthetic_Generated
100010776,ACC-010776,Mejia Inc,100434,Payet SARL,US,Direct_Master_Match,100,2025-10-25 17:36:40,Synthetic_Generated
100010777,ACC-010777,"Smith, Thomas and Gonzalez",100435,"Floyd, Garrison and Bennett",GB,Direct_Master_Match,100,2025-10-25 17:36:40,Synthetic_Generated
100010778,ACC-010778,"Gonzalez, Shepard and Burnett",100436,Fontaine Lemaire S.A.,US,Direct_Master_Match,100,2025-10-25 17:36:40,Synthetic_Generated
100010779,ACC-010779,Case-Robinson,100437,Schaaf KG,GB,Direct_Master_Match,100,2025-10-25 17:36:40,Synthetic_Generated
100010780,ACC-010780,Diaz-Ruiz,100438,Carlier S.A.S.,US,Direct_Master_Match,100,2025-10-25 17:36:40,Synthetic_Generated
100010781,ACC-010781,"Williams, Mcdonald and Perez",100439,Fritsch,DE,Direct_Master_Match,100,2025-10-25 17:36:40,Synthetic_Generated
100010782,ACC-010782,Christensen PLC,100440,"Conway, Carter and Ferguson",US,Direct_Master_Match,100,2025-10-25 17:36:40,Synthetic_Generated
100010783,ACC-010783,Yates Ltd,100441,Scholtz,US,Direct_Master_Match,100,2025-10-25 17:36:40,Synthetic_Generated
100010784,ACC-010784,Cuevas and Sons,100442,Haase,US,Direct_Master_Match,100,2025-10-25 17:36:40,Synthetic_Generated
100010786,ACC-010786,"Bernard, Parker and Cooper",100443,Martinez-Rodriguez,US,Direct_Master_Match,100,2025-10-25 17:36:40,Synthetic_Generated
100010789,ACC-010789,"Yang, Pittman and Miller",100444,Thompson Ltd,US,Direct_Master_Match,100,2025-10-25 17:36:40,Synthetic_Generated
100010790,ACC-010790,Jacobs Ltd,100445,Anders Striebitz GmbH & Co. OHG,DE,Direct_Master_Match,100,2025-10-25 17:36:40,Synthetic_Generated
100010793,ACC-010793,Green-Cox,100446,Reynolds-Edwards,US,Direct_Master_Match,100,2025-10-25 17:36:40,Synthetic_Generated
100010794,ACC-010794,Garcia-Stephens,100447,Buisson,US,Direct_Master_Match,100,2025-10-25 17:36:40,Synthetic_Generated
100010795,ACC-010795,Eaton Group,100448,Parent Salmon S.A.S.,DE,Direct_Master_Match,100,2025-10-25 17:36:40,Synthetic_Generated
100010796,ACC-010796,"Travis, Wheeler and Stanley",100449,Aubry,US,Direct_Master_Match,100,2025-10-25 17:36:40,Synthetic_Generated
100010799,ACC-010799,"Farrell, Page and Wong",100450,Vasquez-Miller,GB,Direct_Master_Match,100,2025-10-25 17:36:40,Synthetic_Generated
100010801,ACC-010801,"Frey, Mann and Sullivan",100451,Joly Monnier et Fils,DE,Direct_Master_Match,100,2025-10-25 17:36:40,Synthetic_Generated
100010802,ACC-010802,"Matthews, Dominguez and Torres",100452,Gumprich,GB,Direct_Master_Match,100,2025-10-25 17:36:40,Synthetic_Generated
100010803,ACC-010803,Anderson-Jackson,100453,Martinez LLC,US,Direct_Master_Match,100,2025-10-25 17:36:40,Synthetic_Generated
100010805,ACC-010805,Mcdonald LLC,100454,Wright-Hernandez,DE,Direct_Master_Match,100,2025-10-25 17:36:40,Synthetic_Generated
100010806,ACC-010806,Aguilar-Zuniga,100455,Bähr Schmiedt AG & Co. OHG,US,Direct_Master_Match,100,2025-10-25 17:36:40,Synthetic_Generated
100010807,ACC-010807,Ortiz-Harris,100456,Bailly SA,US,Direct_Master_Match,100,2025-10-25 17:36:40,Synthetic_Generated
100010808,ACC-010808,"Atkins, Martin and Malone",100457,"Smith, Arnold and Atkins",US,Direct_Master_Match,100,2025-10-25 17:36:40,Synthetic_Generated
100010809,ACC-010809,Odom-Stevenson,100458,Ullmann,US,Direct_Master_Match,100,2025-10-25 17:36:40,Synthetic_Generated
100010810,ACC-010810,Barnes-Luna,100459,Greene Ltd,US,Direct_Master_Match,100,2025-10-25 17:36:40,Synthetic_Generated
100010811,ACC-010811,Washington LLC,100460,Adler AG & Co. KGaA,US,Direct_Master_Match,100,2025-10-25 17:36:40,Synthetic_Generated
100010814,ACC-010814,Blackwell LLC,100461,Dawson LLC,US,Direct_Master_Match,100,2025-10-25 17:36:40,Synthetic_Generated
100010817,ACC-010817,Greene PLC,100462,Johnson Inc,DE,Direct_Master_Match,100,2025-10-25 17:36:40,Synthetic_Generated
100010818,ACC-010818,"Mendez, Yang and Joseph",100463,van der Dussen,US,Direct_Master_Match,100,2025-10-25 17:36:40,Synthetic_Generated
100010819,ACC-010819,Robinson Inc,100464,Kreusel OHG mbH,US,Direct_Master_Match,100,2025-10-25 17:36:40,Synthetic_Generated
100010820,ACC-010820,"Moon, Fleming and Fischer",100465,Daniels LLC,GB,Direct_Master_Match,100,2025-10-25 17:36:40,Synthetic_Generated
100010822,ACC-010822,"Lawson, Velasquez and Collins",100466,"Dunn, Brown and Thomas",DE,Direct_Master_Match,100,2025-10-25 17:36:40,Synthetic_Generated
100010823,ACC-010823,Walker-Lopez,100467,Howard-Gilbert,US,Direct_Master_Match,100,2025-10-25 17:36:40,Synthetic_Generated
100010824,ACC-010824,"Lowery, Lara and Johnson",100468,Adams-Begum,DE,Direct_Master_Match,100,2025-10-25 17:36:40,Synthetic_Generated
100010826,ACC-010826,"Ford, Martinez and Bishop",100469,Junitz AG & Co. KG,GB,Direct_Master_Match,100,2025-10-25 17:36:40,Synthetic_Generated
100010827,ACC-010827,Williams-Riley,100470,Carsten Salz Stiftung & Co. KG,US,Direct_Master_Match,100,2025-10-25 17:36:40,Synthetic_Generated
100010828,ACC-010828,Harris Ltd,100471,Pruitt LLC,US,Direct_Master_Match,100,2025-10-25 17:36:40,Synthetic_Generated
100010829,ACC-010829,"Matthews, Mooney and Morris",100472,"Perkins, Woods and Wheeler",US,Direct_Master_Match,100,2025-10-25 17:36:40,Synthetic_Generated
100010830,ACC-010830,Smith-Hawkins,100473,Porter-Booth,GB,Direct_Master_Match,100,2025-10-25 17:36:40,Synthetic_Generated
100010835,ACC-010835,Schaefer-Phelps,100474,Franke Heydrich AG,US,Direct_Master_Match,100,2025-10-25 17:36:40,Synthetic_Generated
100010836,ACC-010836,Davidson-Adams,100475,Gaillard,FR,Direct_Master_Match,100,2025-10-25 17:36:40,Synthetic_Generated
100010838,ACC-010838,"Garrison, Brown and Sullivan",100476,Harper LLC,DE,Direct_Master_Match,100,2025-10-25 17:36:40,Synthetic_Generated
100010839,ACC-010839,Garcia-Cooper,100477,Gaudin S.A.,US,Direct_Master_Match,100,2025-10-25 17:36:40,Synthetic_Generated
100010840,ACC-010840,"Fitzgerald, Cobb and Little",100478,Stiffel KGaA,US,Direct_Master_Match,100,2025-10-25 17:36:40,Synthetic_Generated
100010841,ACC-010841,"Summers, Garcia and Miller",100479,Bradley Group,DE,Direct_Master_Match,100,2025-10-25 17:36:40,Synthetic_Generated
100010842,ACC-010842,"Rose, Russell and Burns",100480,Reynaud,FR,Direct_Master_Match,100,2025-10-25 17:36:40,Synthetic_Generated
100010844,ACC-010844,Delacruz-Trujillo,100481,Normand,US,Direct_Master_Match,100,2025-10-25 17:36:40,Synthetic_Generated
100010846,ACC-010846,Jackson-Clark,100482,Lévêque S.A.R.L.,DE,Direct_Master_Match,100,2025-10-25 17:36:40,Synthetic_Generated
100010848,ACC-010848,"Ali, Hayes and Brown",100483,Boutin Traore S.A.R.L.,DE,Direct_Master_Match,100,2025-10-25 17:36:40,Synthetic_Generated
100010849,ACC-010849,"Hickman, Johnson and Zimmerman",100484,Benoit,GB,Direct_Master_Match,100,2025-10-25 17:36:40,Synthetic_Generated
100010850,ACC-010850,Hernandez PLC,100485,Burke Inc,GB,Direct_Master_Match,100,2025-10-25 17:36:40,Synthetic_Generated
100010851,ACC-010851,Rivera Group,100486,Guilbert S.A.S.,US,Direct_Master_Match,100,2025-10-25 17:36:40,Synthetic_Generated
100010854,ACC-010854,"Harper, Weeks and Finley",100487,Couturier Lebreton et Fils,DE,Direct_Master_Match,100,2025-10-25 17:36:40,Synthetic_Generated
100010855,ACC-010855,Guerrero Inc,100488,Atkins LLC,FR,Direct_Master_Match,100,2025-10-25 17:36:40,Synthetic_Generated
100010857,ACC-010857,Mccann Group,100489,Besson,US,Direct_Master_Match,100,2025-10-25 17:36:40,Synthetic_Generated
100010858,ACC-010858,"Shepherd, Knight and Frank",100490,Pierre S.A.R.L.,US,Direct_Master_Match,100,2025-10-25 17:36:40,Synthetic_Generated
100010859,ACC-010859,Smith-Nguyen,100491,Pohl Weihmann KG,US,Direct_Master_Match,100,2025-10-25 17:36:40,Synthetic_Generated
100010865,ACC-010865,Anderson-Koch,100492,Tröst e.V.,GB,Direct_Master_Match,100,2025-10-25 17:36:40,Synthetic_Generated
100010867,ACC-010867,Williams and Sons,100493,Hartung,US,Direct_Master_Match,100,2025-10-25 17:36:40,Synthetic_Generated
100010868,ACC-010868,Ramsey Ltd,100494,Ditschlerin Noack e.V.,US,Direct_Master_Match,100,2025-10-25 17:36:40,Synthetic_Generated
100010869,ACC-010869,Mcclain and Sons,100495,Rosenow,US,Direct_Master_Match,100,2025-10-25 17:36:40,Synthetic_Generated
100010871,ACC-010871,Bailey Ltd,100496,Knappe AG,US,Direct_Master_Match,100,2025-10-25 17:36:40,Synthetic_Generated
100010873,ACC-010873,Oconnor PLC,100497,Webb-James,US,Direct_Master_Match,100,2025-10-25 17:36:40,Synthetic_Generated
100010874,ACC-010874,Holder-Blake,100498,"King, Ortiz and Munoz",DE,Direct_Master_Match,100,2025-10-25 17:36:40,Synthetic_Generated
100010875,ACC-010875,"Walker, Mack and Munoz",100499,"Murphy, Marshall and Pope",US,Direct_Master_Match,100,2025-10-25 17:36:40,Synthetic_Generated
100010876,ACC-010876,Howe Inc,100500,Lambert,US,Direct_Master_Match,100,2025-10-25 17:36:40,Synthetic_Generated
100010879,ACC-010879,Steele-Howard,100501,Legros et Fils,US,Direct_Master_Match,100,2025-10-25 17:36:40,Synthetic_Generated
100010880,ACC-010880,"Daniels, Wilson and White",100502,Williams Inc,US,Direct_Master_Match,100,2025-10-25 17:36:40,Synthetic_Generated
100010883,ACC-010883,"Padilla, Moore and Fields",100503,Rocher,DE,Direct_Master_Match,100,2025-10-25 17:36:40,Synthetic_Generated
100010884,ACC-010884,Stanley-Kennedy,100504,Guyot,FR,Direct_Master_Match,100,2025-10-25 17:36:40,Synthetic_Generated
100010885,ACC-010885,Bailey Group,100505,Leblanc S.A.,US,Direct_Master_Match,100,2025-10-25 17:36:40,Synthetic_Generated
100010887,ACC-010887,Adams LLC,100506,Jäntsch,US,Direct_Master_Match,100,2025-10-25 17:36:40,Synthetic_Generated
100010888,ACC-010888,Lewis-Cruz,100507,Iqbal-Walton,GB,Direct_Master_Match,100,2025-10-25 17:36:40,Synthetic_Generated
100010889,ACC-010889,"Davis, Haynes and Ritter",100508,"Jenkins, Joyce and Griffiths",US,Direct_Master_Match,100,2025-10-25 17:36:40,Synthetic_Generated
100010891,ACC-010891,Price Inc,100509,Carlier,US,Direct_Master_Match,100,2025-10-25 17:36:40,Synthetic_Generated
100010893,ACC-010893,Moore Group,100510,Lagarde,US,Direct_Master_Match,100,2025-10-25 17:36:40,Synthetic_Generated
100010898,ACC-010898,Farmer-Roberts,100511,"Bell, Wells and Smith",US,Direct_Master_Match,100,2025-10-25 17:36:40,Synthetic_Generated
100010899,ACC-010899,Dyer-Johnson,100512,Marchal,US,Direct_Master_Match,100,2025-10-25 17:36:40,Synthetic_Generated
100010900,ACC-010900,"Wilson, Graham and Berry",100513,Irwin and Sons,US,Direct_Master_Match,100,2025-10-25 17:36:40,Synthetic_Generated
100010902,ACC-010902,"Rivera, Moore and Sanchez",100514,Wright-Harding,US,Direct_Master_Match,100,2025-10-25 17:36:40,Synthetic_Generated
100010903,ACC-010903,"Graham, White and Griffin",100515,Neuschäfer Hövel AG,US,Direct_Master_Match,100,2025-10-25 17:36:40,Synthetic_Generated
100010904,ACC-010904,"Leon, Elliott and Ramos",100516,"King, Hilton and Nash",US,Direct_Master_Match,100,2025-10-25 17:36:40,Synthetic_Generated
100010905,ACC-010905,"Boyd, Frank and Brown",100517,Barker Ltd,DE,Direct_Master_Match,100,2025-10-25 17:36:40,Synthetic_Generated
100010906,ACC-010906,Palmer Ltd,100518,Jäkel Caspar GmbH,US,Direct_Master_Match,100,2025-10-25 17:36:40,Synthetic_Generated
100010907,ACC-010907,"Wise, Cooper and Pena",100519,Pinto,US,Direct_Master_Match,100,2025-10-25 17:36:40,Synthetic_Generated
100010909,ACC-010909,Perkins-Munoz,100520,Antoine Leconte SA,US,Direct_Master_Match,100,2025-10-25 17:36:40,Synthetic_Generated
100010910,ACC-010910,Mercado-Richards,100521,O'Neill PLC,US,Direct_Master_Match,100,2025-10-25 17:36:40,Synthetic_Generated
100010913,ACC-010913,"Johnson, Schneider and Moon",100522,Hanson-Gonzalez,DE,Direct_Master_Match,100,2025-10-25 17:36:40,Synthetic_Generated
100010914,ACC-010914,Castillo and Sons,100523,Jones-Gallagher,US,Direct_Master_Match,100,2025-10-25 17:36:40,Synthetic_Generated
100010918,ACC-010918,Galvan Inc,100524,"Vasquez, Contreras and Myers",DE,Direct_Master_Match,100,2025-10-25 17:36:40,Synthetic_Generated
100010919,ACC-010919,Peters-Cox,100525,"Santos, Sandoval and Wallace",US,Direct_Master_Match,100,2025-10-25 17:36:40,Synthetic_Generated
100010920,ACC-010920,"Henderson, Larson and Goodman",100526,Edwards-Fitzgerald,DE,Direct_Master_Match,100,2025-10-25 17:36:40,Synthetic_Generated
100010921,ACC-010921,"Franklin, Gray and Wilson",100527,Dietz OHG mbH,US,Direct_Master_Match,100,2025-10-25 17:36:40,Synthetic_Generated
100010926,ACC-010926,"Kramer, Bailey and Wilson",100528,"King, Johnson and Brady",FR,Direct_Master_Match,100,2025-10-25 17:36:40,Synthetic_Generated
100010927,ACC-010927,"Baldwin, Kerr and Jones",100529,Potier,US,Direct_Master_Match,100,2025-10-25 17:36:40,Synthetic_Generated
100010929,ACC-010929,Miller and Sons,100530,Hamon,DE,Direct_Master_Match,100,2025-10-25 17:36:40,Synthetic_Generated
100010930,ACC-010930,Ruiz PLC,100531,Black-Evans,US,Direct_Master_Match,100,2025-10-25 17:36:40,Synthetic_Generated
100010932,ACC-010932,Booth-Stevens,100532,"Walker, Farmer and Hughes",US,Direct_Master_Match,100,2025-10-25 17:36:40,Synthetic_Generated
100010936,ACC-010936,Santos-Davis,100533,Killer,GB,Direct_Master_Match,100,2025-10-25 17:36:40,Synthetic_Generated
100010937,ACC-010937,"Garrison, Jackson and Pineda",100534,Perret Boutin S.A.R.L.,US,Direct_Master_Match,100,2025-10-25 17:36:40,Synthetic_Generated
100010938,ACC-010938,Taylor Ltd,100535,Buchholz AG,US,Direct_Master_Match,100,2025-10-25 17:36:40,Synthetic_Generated
100010939,ACC-010939,Tate and Sons,100536,Trapp Wähner GmbH,US,Direct_Master_Match,100,2025-10-25 17:36:40,Synthetic_Generated
100010940,ACC-010940,Jones and Sons,100537,Weihmann Röhrdanz AG & Co. OHG,DE,Direct_Master_Match,100,2025-10-25 17:36:40,Synthetic_Generated
100010941,ACC-010941,"Harris, Moore and Hines",100538,Clément,US,Direct_Master_Match,100,2025-10-25 17:36:40,Synthetic_Generated
100010942,ACC-010942,"Gordon, Jones and Pearson",100539,Peltier SARL,DE,Direct_Master_Match,100,2025-10-25 17:36:40,Synthetic_Generated
100010943,ACC-010943,"Fuentes, Harrington and Carpenter",100540,"Hughes, Griffith and Gregory",US,Direct_Master_Match,100,2025-10-25 17:36:40,Synthetic_Generated
100010945,ACC-010945,Diaz-Collins,100541,Bradshaw-Thomas,FR,Direct_Master_Match,100,2025-10-25 17:36:40,Synthetic_Generated
100010946,ACC-010946,Gonzales-Stephens,100542,Todd-Randall,US,Direct_Master_Match,100,2025-10-25 17:36:40,Synthetic_Generated
100010948,ACC-010948,"Brennan, Clark and Yates",100543,Schuchhardt AG & Co. KGaA,US,Direct_Master_Match,100,2025-10-25 17:36:40,Synthetic_Generated
100010955,ACC-010955,Hester Ltd,100544,Hunter Inc,DE,Direct_Master_Match,100,2025-10-25 17:36:40,Synthetic_Generated
100010956,ACC-010956,Grimes-Peck,100545,Simpson-Bartlett,US,Direct_Master_Match,100,2025-10-25 17:36:40,Synthetic_Generated
100010958,ACC-010958,"James, Rogers and Reynolds",100546,Garnier S.A.,FR,Direct_Master_Match,100,2025-10-25 17:36:40,Synthetic_Generated
100010959,ACC-010959,Taylor-Buchanan,100547,Murphy Ltd,GB,Direct_Master_Match,100,2025-10-25 17:36:40,Synthetic_Generated
100010960,ACC-010960,"Sims, Eaton and Robertson",100548,"Jones, Wilson and Fitzgerald",US,Direct_Master_Match,100,2025-10-25 17:36:40,Synthetic_Generated
100010961,ACC-010961,Ford Ltd,100549,Metz AG,GB,Direct_Master_Match,100,2025-10-25 17:36:40,Synthetic_Generated
100010962,ACC-010962,"Watson, Young and Davis",100550,Hornig,US,Direct_Master_Match,100,2025-10-25 17:36:40,Synthetic_Generated
100010964,ACC-010964,"Mitchell, Cox and Osborne",100551,Gnatz,US,Direct_Master_Match,100,2025-10-25 17:36:40,Synthetic_Generated
100010965,ACC-010965,"Martinez, Morrison and Turner",100552,Evans LLC,US,Direct_Master_Match,100,2025-10-25 17:36:40,Synthetic_Generated
100010966,ACC-010966,"Herring, Rodriguez and Mitchell",100553,"Shaw, McLean and Ward",US,Direct_Master_Match,100,2025-10-25 17:36:40,Synthetic_Generated
100010967,ACC-010967,"Young, Wallace and Sanchez",100554,Scheuermann AG,GB,Direct_Master_Match,100,2025-10-25 17:36:40,Synthetic_Generated
100010968,ACC-010968,"Kelly, Johnson and Young",100555,Kaiser Ltd,GB,Direct_Master_Match,100,2025-10-25 17:36:40,Synthetic_Generated
100010970,ACC-010970,Foley LLC,100556,Munoz S.A.S.,US,Direct_Master_Match,100,2025-10-25 17:36:40,Synthetic_Generated
100010971,ACC-010971,"Gould, Harper and Harris",100557,Lübs AG,GB,Direct_Master_Match,100,2025-10-25 17:36:40,Synthetic_Generated
100010972,ACC-010972,Crawford-Boyd,100558,Hill-Watson,DE,Direct_Master_Match,100,2025-10-25 17:36:40,Synthetic_Generated
100010974,ACC-010974,Webster and Sons,100559,Peltier,US,Direct_Master_Match,100,2025-10-25 17:36:40,Synthetic_Generated
100010976,ACC-010976,Gibson-Mullins,100560,Guilbert SARL,US,Direct_Master_Match,100,2025-10-25 17:36:40,Synthetic_Generated
100010978,ACC-010978,Carey-Myers,100561,Haering,GB,Direct_Master_Match,100,2025-10-25 17:36:40,Synthetic_Generated
100010980,ACC-010980,Arias-Thomas,100562,Reising Gumprich AG & Co. KGaA,GB,Direct_Master_Match,100,2025-10-25 17:36:40,Synthetic_Generated
100010981,ACC-010981,"Clements, Thomas and Curry",100563,Dupont,DE,Direct_Master_Match,100,2025-10-25 17:36:40,Synthetic_Generated
100010982,ACC-010982,Kennedy-James,100564,Wähner KG,US,Direct_Master_Match,100,2025-10-25 17:36:40,Synthetic_Generated
100010984,ACC-010984,Johnson-Johnson,100565,Kirby-Campbell,US,Direct_Master_Match,100,2025-10-25 17:36:40,Synthetic_Generated
100010985,ACC-010985,"Garza, Porter and Scott",100566,Connor-Yates,FR,Direct_Master_Match,100,2025-10-25 17:36:40,Synthetic_Generated
100010986,ACC-010986,Smith-Smith,100567,"Haynes, Hayes and Storey",US,Direct_Master_Match,100,2025-10-25 17:36:40,Synthetic_Generated
100010987,ACC-010987,Gonzalez Inc,100568,Simmons Inc,US,Direct_Master_Match,100,2025-10-25 17:36:40,Synthetic_Generated
100010989,ACC-010989,Morse and Sons,100569,Bouvet Lévy S.A.R.L.,US,Direct_Master_Match,100,2025-10-25 17:36:40,Synthetic_Generated
100010990,ACC-010990,Lee PLC,100570,"Butler, Jones and Kelly",US,Direct_Master_Match,100,2025-10-25 17:36:40,Synthetic_Generated
100010993,ACC-010993,"Parks, Fisher and Brown",100571,Mercier Marty et Fils,US,Direct_Master_Match,100,2025-10-25 17:36:40,Synthetic_Generated
100010995,ACC-010995,Warren-Brooks,100572,Gieß Hesse KG,US,Direct_Master_Match,100,2025-10-25 17:36:40,Synthetic_Generated
100010998,ACC-010998,Atkins-Watson,100573,Gehringer GmbH & Co. KGaA,US,Direct_Master_Match,100,2025-10-25 17:36:40,Synthetic_Generated
100010999,ACC-010999,Murray-Cox,100574,Becker,US,Direct_Master_Match,100,2025-10-25 17:36:40,Synthetic_Generated
